{
    "x": [
      1, 1.090909091, 1.181818182, 1.272727273, 1.363636364, 1.454545455,
      1.545454545, 1.636363636, 1.727272727, 1.818181818, 1.909090909, 2,
      2.090909091, 2.181818182, 2.272727273, 2.363636364, 2.454545455,
      2.545454545, 2.636363636, 2.727272727, 2.818181818, 2.909090909, 3,
      3.090909091, 3.181818182, 3.272727273, 3.363636364, 3.454545455,
      3.545454545, 3.636363636, 3.727272727, 3.818181818, 3.909090909, 4,
      4.090909091, 4.181818182, 4.272727273, 4.363636364, 4.454545455,
      4.545454545, 4.636363636, 4.727272727, 4.818181818, 4.909090909, 5,
      5.090909091, 5.181818182, 5.272727273, 5.363636364, 5.454545455,
      5.545454545, 5.636363636, 5.727272727, 5.818181818, 5.909090909, 6,
      6.090909091, 6.181818182, 6.272727273, 6.363636364, 6.454545455,
      6.545454545, 6.636363636, 6.727272727, 6.818181818, 6.909090909, 7,
      7.090909091, 7.181818182, 7.272727273, 7.363636364, 7.454545455,
      7.545454545, 7.636363636, 7.727272727, 7.818181818, 7.909090909, 8,
      8.090909091, 8.181818182, 8.272727273, 8.363636364, 8.454545455,
      8.545454545, 8.636363636, 8.727272727, 8.818181818, 8.909090909, 9,
      9.090909091, 9.181818182, 9.272727273, 9.363636364, 9.454545455,
      9.545454545, 9.636363636, 9.727272727, 9.818181818, 9.909090909, 10
    ],
    "y": [
      3.493428306, 2.450744125, 4.249922531, 6.227877895, 2.94078416, 3.168089722,
      7.022061995, 5.625778549, 3.379233046, 5.630574633, 3.845891887,
      4.068540493, 5.71119727, 1.627984965, 2.231982517, 4.784515851, 4.110701396,
      6.992131029, 4.77486094, 3.993574416, 9.976752083, 6.821174672, 7.635056409,
      4.877776355, 6.865780005, 8.403663361, 6.107103754, 9.387759673,
      7.662358984, 8.507521591, 8.114768594, 13.25001091, 9.745732823,
      7.884578142, 11.87236255, 8.012858155, 11.09954537, 6.989750661,
      8.479991539, 11.75735884, 13.06784225, 12.16091838, 11.81415798,
      11.67051988, 9.542956019, 11.28758431, 12.03326791, 15.29606263,
      14.09632749, 10.11028333, 14.5118043, 13.32074453, 12.96433782, 15.76880712,
      16.83472632, 16.86256024, 13.54883768, 14.8361207, 16.34434504, 17.86018116,
      15.17801516, 15.99231841, 14.37823914, 14.42576857, 18.67050619,
      19.98520733, 17.35597976, 19.73433852, 18.6778175, 16.89157867, 19.13188212,
      21.71243677, 18.79198429, 22.2201964, 14.07869161, 21.18925955, 19.94682141,
      19.4019853, 20.41079428, 16.47940763, 20.24247441, 21.62331605, 24.09215173,
      20.32709593, 19.97392189, 20.81466773, 23.87625878, 22.93022949,
      21.44047959, 23.75380759, 23.14870055, 25.11910816, 22.00498472,
      22.98103934, 23.07942006, 21.16387919, 24.91042237, 25.06756509,
      24.78295419, 24.53082573
    ]
  }